{"count": 4, "categories": [{"id": 0, "preview": {"al": "aaaaa", "name": "cy (10).jpg", "h": 586, "w": 586, "ct": 1715433635.951951, "faces": [[255, 42, 101, 140]]}}, {"id": 1, "preview": {"al": "aaaaa", "name": "cy (78).jpg", "h": 1621, "w": 1080, "ct": 1715433635.961951, "faces": [[402, 284, 316, 497], [846, 673, 176, 225]]}}, {"id": 2, "preview": {"al": "aaaaa", "name": "cy (72).jpg", "h": 1620, "w": 1080, "ct": 1715433635.961951, "faces": [[461, 577, 174, 203]]}}, {"id": 3, "preview": {"al": "zsh", "name": "zsh (2).png", "h": 988, "w": 508, "ct": 1731846493.541249, "faces": [[204, 55, 126, 187]]}}]}